Species,Polistes_canadensis_canadensis,Polistes_fuscatus,Polistes_dominula,Vespa_crabro,Vespa_velutina,Vespula_pensylvanica,Osmia_bicornis_bicornis,Osmia_lignaria,Megachile_rotundata,Bombus_vancouverensis_nearcticus,Bombus_vosnesenskii,Formica_exsecta,Nylanderia_fulva,Camponotus_floridanus,Monomorium_pharaonis,Pogonomyrmex_barbatus,Ooceraea_biroi,Chelonus_insularis,Microplitis_demolitor,Aphidius_gifuensis,Neodiprion_fabricii,Neodiprion_virginiana,Diprion_similis,Athalia_rosae,Aethina_tumida,Tribolium_madens,Anoplophora_glabripennis,Diabrotica_virgifera_virgifera,Anthonomus_grandis_grandis,Dendroctonus_ponderosae,Platypus_cylindrus*,Agrilus_planipennis,Drosophila_mauritiana,Drosophila_simulans,Drosophila_melanogaster,Drosophila_erecta,Drosophila_yakuba,Drosophila_subpulchrella,Drosophila_pseudoobscura,Lucilia_cuprina,Cryptotermes_secundus,Zootermopsis_nevadensis,Blattella_germanica*,Schistocera_nitens,Schistocera_serialis,Schistocera_gregaria,Ischnura_elegans,Pantala_flavescens*
Polistes_canadensis_canadensis,0,-7.18806789,-12.28476663,-9.826739362,-9.826739362,-9.826739359,1.927332763,1.927332763,1.927332762,1.927332766,1.927332766,-1.469670775,-1.469670775,-1.469670782,-1.469670777,-1.469670777,-1.469670777,16.75642513,16.75642513,16.75642512,-7.676331361,-7.676331361,-7.676331362,-7.676331364,50.84013255,50.84013255,50.84013254,50.84013254,50.84013255,50.84013255,50.84013255,50.84013254,5.638453319,5.638453319,5.638453319,5.638453318,5.638453318,5.63845332,5.638453321,5.638453316,53.73437847,53.73437847,53.73437849,53.7343785,53.7343785,53.7343785,-9.00E-09,-9.00E-09
Polistes_fuscatus,-7.18806789,0,-12.28476663,-9.826739362,-9.826739362,-9.826739359,1.927332763,1.927332763,1.927332762,1.927332766,1.927332766,-1.469670775,-1.469670775,-1.469670782,-1.469670777,-1.469670777,-1.469670777,16.75642513,16.75642513,16.75642512,-7.676331361,-7.676331361,-7.676331362,-7.676331364,50.84013255,50.84013255,50.84013254,50.84013254,50.84013255,50.84013255,50.84013255,50.84013254,5.638453319,5.638453319,5.638453319,5.638453318,5.638453318,5.63845332,5.638453321,5.638453316,53.73437847,53.73437847,53.73437849,53.7343785,53.7343785,53.7343785,-9.00E-09,-9.00E-09
Polistes_dominula,-12.28476663,-12.28476663,0,-9.826739358,-9.826739358,-9.826739355,1.927332767,1.927332767,1.927332766,1.92733277,1.92733277,-1.46967077,-1.46967077,-1.469670778,-1.469670773,-1.469670773,-1.469670773,16.75642513,16.75642514,16.75642513,-7.676331357,-7.676331357,-7.676331358,-7.67633136,50.84013255,50.84013255,50.84013255,50.84013255,50.84013256,50.84013256,50.84013256,50.84013255,5.638453323,5.638453323,5.638453323,5.638453322,5.638453322,5.638453324,5.638453325,5.63845332,53.73437848,53.73437848,53.7343785,53.73437851,53.73437851,53.73437851,-5.00E-09,-5.00E-09
Vespa_crabro,-9.826739362,-9.826739362,-9.826739358,0,-8.952321545,-10.85943773,1.927332759,1.927332759,1.927332759,1.927332763,1.927332763,-1.469670778,-1.469670778,-1.469670785,-1.46967078,-1.46967078,-1.46967078,16.75642513,16.75642513,16.75642512,-7.676331365,-7.676331365,-7.676331366,-7.676331368,50.84013255,50.84013255,50.84013254,50.84013254,50.84013255,50.84013255,50.84013255,50.84013254,5.638453316,5.638453316,5.638453316,5.638453315,5.638453315,5.638453316,5.638453317,5.638453313,53.73437847,53.73437847,53.73437849,53.7343785,53.7343785,53.7343785,-1.25E-08,-1.25E-08
Vespa_velutina,-9.826739362,-9.826739362,-9.826739358,-8.952321545,0,-10.85943773,1.927332759,1.927332759,1.927332759,1.927332763,1.927332763,-1.469670778,-1.469670778,-1.469670785,-1.46967078,-1.46967078,-1.46967078,16.75642513,16.75642513,16.75642512,-7.676331365,-7.676331365,-7.676331366,-7.676331368,50.84013255,50.84013255,50.84013254,50.84013254,50.84013255,50.84013255,50.84013255,50.84013254,5.638453316,5.638453316,5.638453316,5.638453315,5.638453315,5.638453316,5.638453317,5.638453313,53.73437847,53.73437847,53.73437849,53.7343785,53.7343785,53.7343785,-1.25E-08,-1.25E-08
Vespula_pensylvanica,-9.826739359,-9.826739359,-9.826739355,-10.85943773,-10.85943773,0,1.927332762,1.927332762,1.927332761,1.927332765,1.927332765,-1.469670775,-1.469670775,-1.469670783,-1.469670778,-1.469670778,-1.469670778,16.75642513,16.75642513,16.75642512,-7.676331362,-7.676331362,-7.676331363,-7.676331365,50.84013255,50.84013255,50.84013254,50.84013254,50.84013255,50.84013255,50.84013255,50.84013254,5.638453318,5.638453318,5.638453318,5.638453317,5.638453317,5.638453319,5.63845332,5.638453315,53.73437847,53.73437847,53.73437849,53.7343785,53.7343785,53.7343785,-1.00E-08,-1.00E-08
Osmia_bicornis_bicornis,1.927332763,1.927332763,1.927332767,1.927332759,1.927332759,1.927332762,0,-1.291153349,-14.94890982,-1.917138163,-1.917138163,-1.469670774,-1.469670774,-1.469670781,-1.469670776,-1.469670776,-1.469670776,16.75642513,16.75642513,16.75642512,-7.67633136,-7.67633136,-7.676331361,-7.676331364,50.84013255,50.84013255,50.84013254,50.84013254,50.84013255,50.84013255,50.84013255,50.84013254,5.63845332,5.63845332,5.63845332,5.638453319,5.638453319,5.63845332,5.638453322,5.638453317,53.73437847,53.73437847,53.73437849,53.7343785,53.7343785,53.7343785,-8.50E-09,-8.50E-09
Osmia_lignaria,1.927332763,1.927332763,1.927332767,1.927332759,1.927332759,1.927332762,-1.291153349,0,-14.94890982,-1.917138163,-1.917138163,-1.469670774,-1.469670774,-1.469670781,-1.469670776,-1.469670776,-1.469670776,16.75642513,16.75642513,16.75642512,-7.67633136,-7.67633136,-7.676331361,-7.676331364,50.84013255,50.84013255,50.84013254,50.84013254,50.84013255,50.84013255,50.84013255,50.84013254,5.63845332,5.63845332,5.63845332,5.638453319,5.638453319,5.63845332,5.638453322,5.638453317,53.73437847,53.73437847,53.73437849,53.7343785,53.7343785,53.7343785,-8.50E-09,-8.50E-09
Megachile_rotundata,1.927332762,1.927332762,1.927332766,1.927332759,1.927332759,1.927332761,-14.94890982,-14.94890982,0,-1.917138164,-1.917138164,-1.469670774,-1.469670774,-1.469670782,-1.469670777,-1.469670777,-1.469670777,16.75642513,16.75642513,16.75642512,-7.676331361,-7.676331361,-7.676331362,-7.676331364,50.84013255,50.84013255,50.84013254,50.84013254,50.84013255,50.84013255,50.84013255,50.84013254,5.638453319,5.638453319,5.638453319,5.638453318,5.638453318,5.63845332,5.638453321,5.638453316,53.73437847,53.73437847,53.73437849,53.7343785,53.7343785,53.7343785,-9.00E-09,-9.00E-09
Bombus_vancouverensis_nearcticus,1.927332766,1.927332766,1.92733277,1.927332763,1.927332763,1.927332765,-1.917138163,-1.917138163,-1.917138164,0,-12.22362609,-1.46967077,-1.46967077,-1.469670777,-1.469670772,-1.469670772,-1.469670772,16.75642513,16.75642514,16.75642513,-7.676331357,-7.676331357,-7.676331358,-7.67633136,50.84013255,50.84013255,50.84013255,50.84013255,50.84013256,50.84013256,50.84013256,50.84013255,5.638453323,5.638453323,5.638453323,5.638453322,5.638453322,5.638453324,5.638453325,5.63845332,53.73437848,53.73437848,53.7343785,53.73437851,53.73437851,53.73437851,-4.85E-09,-4.85E-09
Bombus_vosnesenskii,1.927332766,1.927332766,1.92733277,1.927332763,1.927332763,1.927332765,-1.917138163,-1.917138163,-1.917138164,-12.22362609,0,-1.46967077,-1.46967077,-1.469670777,-1.469670772,-1.469670772,-1.469670772,16.75642513,16.75642514,16.75642513,-7.676331357,-7.676331357,-7.676331358,-7.67633136,50.84013255,50.84013255,50.84013255,50.84013255,50.84013256,50.84013256,50.84013256,50.84013255,5.638453323,5.638453323,5.638453323,5.638453322,5.638453322,5.638453324,5.638453325,5.63845332,53.73437848,53.73437848,53.7343785,53.73437851,53.73437851,53.73437851,-4.85E-09,-4.85E-09
Formica_exsecta,-1.469670775,-1.469670775,-1.46967077,-1.469670778,-1.469670778,-1.469670775,-1.469670774,-1.469670774,-1.469670774,-1.46967077,-1.46967077,0,-4.17909713,-3.834271223,3.988126476,3.988126476,2.680061672,16.75642514,16.75642514,16.75642513,-7.676331353,-7.676331353,-7.676331353,-7.676331356,50.84013256,50.84013256,50.84013255,50.84013255,50.84013256,50.84013256,50.84013256,50.84013255,5.638453328,5.638453328,5.638453328,5.638453327,5.638453327,5.638453328,5.63845333,5.638453325,53.73437848,53.73437848,53.7343785,53.73437851,53.73437851,53.73437851,-4.96E-10,-4.96E-10
Nylanderia_fulva,-1.469670775,-1.469670775,-1.46967077,-1.469670778,-1.469670778,-1.469670775,-1.469670774,-1.469670774,-1.469670774,-1.46967077,-1.46967077,-4.17909713,0,-3.834271223,3.988126476,3.988126476,2.680061672,16.75642514,16.75642514,16.75642513,-7.676331353,-7.676331353,-7.676331353,-7.676331356,50.84013256,50.84013256,50.84013255,50.84013255,50.84013256,50.84013256,50.84013256,50.84013255,5.638453328,5.638453328,5.638453328,5.638453327,5.638453327,5.638453328,5.63845333,5.638453325,53.73437848,53.73437848,53.7343785,53.73437851,53.73437851,53.73437851,-4.96E-10,-4.96E-10
Camponotus_floridanus,-1.469670782,-1.469670782,-1.469670778,-1.469670785,-1.469670785,-1.469670783,-1.469670781,-1.469670781,-1.469670782,-1.469670777,-1.469670777,-3.834271223,-3.834271223,0,3.988126469,3.988126469,2.680061665,16.75642513,16.75642514,16.75642513,-7.67633136,-7.67633136,-7.676331361,-7.676331363,50.84013255,50.84013255,50.84013254,50.84013254,50.84013255,50.84013255,50.84013255,50.84013254,5.638453321,5.638453321,5.638453321,5.63845332,5.63845332,5.638453321,5.638453323,5.638453318,53.73437847,53.73437847,53.73437849,53.7343785,53.7343785,53.7343785,-7.50E-09,-7.50E-09
Monomorium_pharaonis,-1.469670777,-1.469670777,-1.469670773,-1.46967078,-1.46967078,-1.469670778,-1.469670776,-1.469670776,-1.469670777,-1.469670772,-1.469670772,3.988126476,3.988126476,3.988126469,0,1.37585426,2.68006167,16.75642514,16.75642514,16.75642513,-7.676331355,-7.676331355,-7.676331356,-7.676331358,50.84013256,50.84013256,50.84013255,50.84013255,50.84013256,50.84013256,50.84013256,50.84013255,5.638453326,5.638453326,5.638453326,5.638453325,5.638453325,5.638453326,5.638453328,5.638453323,53.73437848,53.73437848,53.7343785,53.73437851,53.73437851,53.73437851,-2.50E-09,-2.50E-09
Pogonomyrmex_barbatus,-1.469670777,-1.469670777,-1.469670773,-1.46967078,-1.46967078,-1.469670778,-1.469670776,-1.469670776,-1.469670777,-1.469670772,-1.469670772,3.988126476,3.988126476,3.988126469,1.37585426,0,2.68006167,16.75642514,16.75642514,16.75642513,-7.676331355,-7.676331355,-7.676331356,-7.676331358,50.84013256,50.84013256,50.84013255,50.84013255,50.84013256,50.84013256,50.84013256,50.84013255,5.638453326,5.638453326,5.638453326,5.638453325,5.638453325,5.638453326,5.638453328,5.638453323,53.73437848,53.73437848,53.7343785,53.73437851,53.73437851,53.73437851,-2.50E-09,-2.50E-09
Ooceraea_biroi,-1.469670777,-1.469670777,-1.469670773,-1.46967078,-1.46967078,-1.469670778,-1.469670776,-1.469670776,-1.469670777,-1.469670772,-1.469670772,2.680061672,2.680061672,2.680061665,2.68006167,2.68006167,0,16.75642514,16.75642514,16.75642513,-7.676331355,-7.676331355,-7.676331356,-7.676331358,50.84013256,50.84013256,50.84013255,50.84013255,50.84013256,50.84013256,50.84013256,50.84013255,5.638453326,5.638453326,5.638453326,5.638453325,5.638453325,5.638453326,5.638453328,5.638453323,53.73437848,53.73437848,53.7343785,53.73437851,53.73437851,53.73437851,-2.50E-09,-2.50E-09
Chelonus_insularis,16.75642513,16.75642513,16.75642513,16.75642513,16.75642513,16.75642513,16.75642513,16.75642513,16.75642513,16.75642513,16.75642513,16.75642514,16.75642514,16.75642513,16.75642514,16.75642514,16.75642514,0,12.65381926,14.67035583,-7.67633135,-7.67633135,-7.67633135,-7.676331353,50.84013256,50.84013256,50.84013255,50.84013255,50.84013256,50.84013256,50.84013256,50.84013255,5.638453331,5.638453331,5.638453331,5.63845333,5.63845333,5.638453331,5.638453332,5.638453328,53.73437848,53.73437848,53.7343785,53.73437851,53.73437851,53.73437851,2.50395E-09,2.50395E-09
Microplitis_demolitor,16.75642513,16.75642513,16.75642514,16.75642513,16.75642513,16.75642513,16.75642513,16.75642513,16.75642513,16.75642514,16.75642514,16.75642514,16.75642514,16.75642514,16.75642514,16.75642514,16.75642514,12.65381926,0,14.67035583,-7.676331345,-7.676331345,-7.676331345,-7.676331348,50.84013257,50.84013257,50.84013256,50.84013256,50.84013257,50.84013257,50.84013257,50.84013256,5.638453336,5.638453336,5.638453336,5.638453335,5.638453335,5.638453336,5.638453337,5.638453332,53.73437849,53.73437849,53.73437851,53.73437852,53.73437852,53.73437852,7.50396E-09,7.50396E-09
Aphidius_gifuensis,16.75642512,16.75642512,16.75642513,16.75642512,16.75642512,16.75642512,16.75642512,16.75642512,16.75642512,16.75642513,16.75642513,16.75642513,16.75642513,16.75642513,16.75642513,16.75642513,16.75642513,14.67035583,14.67035583,0,-7.676331355,-7.676331355,-7.676331356,-7.676331358,50.84013256,50.84013256,50.84013255,50.84013255,50.84013256,50.84013256,50.84013256,50.84013255,5.638453326,5.638453326,5.638453326,5.638453325,5.638453325,5.638453326,5.638453328,5.638453323,53.73437848,53.73437848,53.7343785,53.73437851,53.73437851,53.73437851,-2.50E-09,-2.50E-09
Neodiprion_fabricii,-7.676331361,-7.676331361,-7.676331357,-7.676331365,-7.676331365,-7.676331362,-7.67633136,-7.67633136,-7.676331361,-7.676331357,-7.676331357,-7.676331353,-7.676331353,-7.67633136,-7.676331355,-7.676331355,-7.676331355,-7.67633135,-7.676331345,-7.676331355,0,-0.565253206,15.05358942,-7.892857527,50.84013256,50.84013256,50.84013255,50.84013255,50.84013256,50.84013256,50.84013256,50.84013255,5.638453326,5.638453326,5.638453326,5.638453325,5.638453325,5.638453326,5.638453328,5.638453323,53.73437848,53.73437848,53.7343785,53.73437851,53.73437851,53.73437851,-2.00E-09,-2.00E-09
Neodiprion_virginiana,-7.676331361,-7.676331361,-7.676331357,-7.676331365,-7.676331365,-7.676331362,-7.67633136,-7.67633136,-7.676331361,-7.676331357,-7.676331357,-7.676331353,-7.676331353,-7.67633136,-7.676331355,-7.676331355,-7.676331355,-7.67633135,-7.676331345,-7.676331355,-0.565253206,0,15.05358942,-7.892857527,50.84013256,50.84013256,50.84013255,50.84013255,50.84013256,50.84013256,50.84013256,50.84013255,5.638453326,5.638453326,5.638453326,5.638453325,5.638453325,5.638453326,5.638453328,5.638453323,53.73437848,53.73437848,53.7343785,53.73437851,53.73437851,53.73437851,-2.00E-09,-2.00E-09
Diprion_similis,-7.676331362,-7.676331362,-7.676331358,-7.676331366,-7.676331366,-7.676331363,-7.676331361,-7.676331361,-7.676331362,-7.676331358,-7.676331358,-7.676331353,-7.676331353,-7.676331361,-7.676331356,-7.676331356,-7.676331356,-7.67633135,-7.676331345,-7.676331356,15.05358942,15.05358942,0,-7.892857528,50.84013256,50.84013256,50.84013255,50.84013255,50.84013256,50.84013256,50.84013256,50.84013255,5.638453325,5.638453325,5.638453325,5.638453324,5.638453324,5.638453326,5.638453327,5.638453322,53.73437848,53.73437848,53.7343785,53.73437851,53.73437851,53.73437851,-3.00E-09,-3.00E-09
Athalia_rosae,-7.676331364,-7.676331364,-7.67633136,-7.676331368,-7.676331368,-7.676331365,-7.676331364,-7.676331364,-7.676331364,-7.67633136,-7.67633136,-7.676331356,-7.676331356,-7.676331363,-7.676331358,-7.676331358,-7.676331358,-7.676331353,-7.676331348,-7.676331358,-7.892857527,-7.892857527,-7.892857528,0,50.84013255,50.84013255,50.84013255,50.84013255,50.84013256,50.84013256,50.84013256,50.84013255,5.638453323,5.638453323,5.638453323,5.638453322,5.638453322,5.638453324,5.638453325,5.63845332,53.73437848,53.73437848,53.7343785,53.73437851,53.73437851,53.73437851,-5.00E-09,-5.00E-09
Aethina_tumida,50.84013255,50.84013255,50.84013255,50.84013255,50.84013255,50.84013255,50.84013255,50.84013255,50.84013255,50.84013255,50.84013255,50.84013256,50.84013256,50.84013255,50.84013256,50.84013256,50.84013256,50.84013256,50.84013257,50.84013256,50.84013256,50.84013256,50.84013256,50.84013255,0,-18.46747128,-29.24550096,-29.24550096,-54.04589731,-54.04589731,-54.04589731,-37.32773729,-27.1759981,-27.1759981,-27.1759981,-27.1759981,-27.1759981,-27.1759981,-27.1759981,-27.17599811,53.73437847,53.73437847,53.73437849,53.7343785,53.7343785,53.7343785,-1.05E-08,-1.05E-08
Tribolium_madens,50.84013255,50.84013255,50.84013255,50.84013255,50.84013255,50.84013255,50.84013255,50.84013255,50.84013255,50.84013255,50.84013255,50.84013256,50.84013256,50.84013255,50.84013256,50.84013256,50.84013256,50.84013256,50.84013257,50.84013256,50.84013256,50.84013256,50.84013256,50.84013255,-18.46747128,0,-29.24550096,-29.24550096,-54.04589731,-54.04589731,-54.04589731,-37.32773729,-27.1759981,-27.1759981,-27.1759981,-27.1759981,-27.1759981,-27.1759981,-27.1759981,-27.17599811,53.73437847,53.73437847,53.73437849,53.7343785,53.7343785,53.7343785,-1.05E-08,-1.05E-08
Anoplophora_glabripennis,50.84013254,50.84013254,50.84013255,50.84013254,50.84013254,50.84013254,50.84013254,50.84013254,50.84013254,50.84013255,50.84013255,50.84013255,50.84013255,50.84013254,50.84013255,50.84013255,50.84013255,50.84013255,50.84013256,50.84013255,50.84013255,50.84013255,50.84013255,50.84013255,-29.24550096,-29.24550096,0,-43.7722961,-67.09364056,-67.09364056,-67.09364056,-37.3277373,-27.17599811,-27.17599811,-27.17599811,-27.17599811,-27.17599811,-27.17599811,-27.17599811,-27.17599812,53.73437846,53.73437846,53.73437848,53.73437849,53.73437849,53.73437849,-2.00E-08,-2.00E-08
Diabrotica_virgifera_virgifera,50.84013254,50.84013254,50.84013255,50.84013254,50.84013254,50.84013254,50.84013254,50.84013254,50.84013254,50.84013255,50.84013255,50.84013255,50.84013255,50.84013254,50.84013255,50.84013255,50.84013255,50.84013255,50.84013256,50.84013255,50.84013255,50.84013255,50.84013255,50.84013255,-29.24550096,-29.24550096,-43.7722961,0,-67.09364056,-67.09364056,-67.09364056,-37.3277373,-27.17599811,-27.17599811,-27.17599811,-27.17599811,-27.17599811,-27.17599811,-27.17599811,-27.17599812,53.73437846,53.73437846,53.73437848,53.73437849,53.73437849,53.73437849,-2.00E-08,-2.00E-08
Anthonomus_grandis_grandis,50.84013255,50.84013255,50.84013256,50.84013255,50.84013255,50.84013255,50.84013255,50.84013255,50.84013255,50.84013256,50.84013256,50.84013256,50.84013256,50.84013255,50.84013256,50.84013256,50.84013256,50.84013256,50.84013257,50.84013256,50.84013256,50.84013256,50.84013256,50.84013256,-54.04589731,-54.04589731,-67.09364056,-67.09364056,0,-51.35598803,-59.47851135,-37.32773729,-27.1759981,-27.1759981,-27.1759981,-27.1759981,-27.1759981,-27.1759981,-27.1759981,-27.17599811,53.73437847,53.73437847,53.73437849,53.7343785,53.7343785,53.7343785,-1.00E-08,-1.00E-08
Dendroctonus_ponderosae,50.84013255,50.84013255,50.84013256,50.84013255,50.84013255,50.84013255,50.84013255,50.84013255,50.84013255,50.84013256,50.84013256,50.84013256,50.84013256,50.84013255,50.84013256,50.84013256,50.84013256,50.84013256,50.84013257,50.84013256,50.84013256,50.84013256,50.84013256,50.84013256,-54.04589731,-54.04589731,-67.09364056,-67.09364056,-51.35598803,0,-59.47851135,-37.32773729,-27.1759981,-27.1759981,-27.1759981,-27.1759981,-27.1759981,-27.1759981,-27.1759981,-27.17599811,53.73437847,53.73437847,53.73437849,53.7343785,53.7343785,53.7343785,-1.00E-08,-1.00E-08
Platypus_cylindrus*,50.84013255,50.84013255,50.84013256,50.84013255,50.84013255,50.84013255,50.84013255,50.84013255,50.84013255,50.84013256,50.84013256,50.84013256,50.84013256,50.84013255,50.84013256,50.84013256,50.84013256,50.84013256,50.84013257,50.84013256,50.84013256,50.84013256,50.84013256,50.84013256,-54.04589731,-54.04589731,-67.09364056,-67.09364056,-59.47851135,-59.47851135,0,-37.32773729,-27.1759981,-27.1759981,-27.1759981,-27.1759981,-27.1759981,-27.1759981,-27.1759981,-27.17599811,53.73437847,53.73437847,53.73437849,53.7343785,53.7343785,53.7343785,-1.00E-08,-1.00E-08
Agrilus_planipennis,50.84013254,50.84013254,50.84013255,50.84013254,50.84013254,50.84013254,50.84013254,50.84013254,50.84013254,50.84013255,50.84013255,50.84013255,50.84013255,50.84013254,50.84013255,50.84013255,50.84013255,50.84013255,50.84013256,50.84013255,50.84013255,50.84013255,50.84013255,50.84013255,-37.32773729,-37.32773729,-37.3277373,-37.3277373,-37.32773729,-37.32773729,-37.32773729,0,-27.17599811,-27.17599811,-27.17599811,-27.17599811,-27.17599811,-27.17599811,-27.17599811,-27.17599812,53.73437846,53.73437846,53.73437848,53.73437849,53.73437849,53.73437849,-2.00E-08,-2.00E-08
Drosophila_mauritiana,5.638453319,5.638453319,5.638453323,5.638453316,5.638453316,5.638453318,5.63845332,5.63845332,5.638453319,5.638453323,5.638453323,5.638453328,5.638453328,5.638453321,5.638453326,5.638453326,5.638453326,5.638453331,5.638453336,5.638453326,5.638453326,5.638453326,5.638453325,5.638453323,-27.1759981,-27.1759981,-27.17599811,-27.17599811,-27.1759981,-27.1759981,-27.1759981,-27.17599811,0,2.8976664,0.801394554,-5.156179488,-5.156179488,-0.81321544,-22.79046121,-25.33129762,53.73437846,53.73437846,53.73437848,53.73437849,53.73437849,53.73437849,-2.20E-08,-2.20E-08
Drosophila_simulans,5.638453319,5.638453319,5.638453323,5.638453316,5.638453316,5.638453318,5.63845332,5.63845332,5.638453319,5.638453323,5.638453323,5.638453328,5.638453328,5.638453321,5.638453326,5.638453326,5.638453326,5.638453331,5.638453336,5.638453326,5.638453326,5.638453326,5.638453325,5.638453323,-27.1759981,-27.1759981,-27.17599811,-27.17599811,-27.1759981,-27.1759981,-27.1759981,-27.17599811,2.8976664,0,0.801394554,-5.156179488,-5.156179488,-0.81321544,-22.79046121,-25.33129762,53.73437846,53.73437846,53.73437848,53.73437849,53.73437849,53.73437849,-2.20E-08,-2.20E-08
Drosophila_melanogaster,5.638453319,5.638453319,5.638453323,5.638453316,5.638453316,5.638453318,5.63845332,5.63845332,5.638453319,5.638453323,5.638453323,5.638453328,5.638453328,5.638453321,5.638453326,5.638453326,5.638453326,5.638453331,5.638453336,5.638453326,5.638453326,5.638453326,5.638453325,5.638453323,-27.1759981,-27.1759981,-27.17599811,-27.17599811,-27.1759981,-27.1759981,-27.1759981,-27.17599811,0.801394554,0.801394554,0,-5.156179488,-5.156179488,-0.81321544,-22.79046121,-25.33129762,53.73437846,53.73437846,53.73437848,53.73437849,53.73437849,53.73437849,-2.20E-08,-2.20E-08
Drosophila_erecta,5.638453318,5.638453318,5.638453322,5.638453315,5.638453315,5.638453317,5.638453319,5.638453319,5.638453318,5.638453322,5.638453322,5.638453327,5.638453327,5.63845332,5.638453325,5.638453325,5.638453325,5.63845333,5.638453335,5.638453325,5.638453325,5.638453325,5.638453324,5.638453322,-27.1759981,-27.1759981,-27.17599811,-27.17599811,-27.1759981,-27.1759981,-27.1759981,-27.17599811,-5.156179488,-5.156179488,-5.156179488,0,-3.47700949,-0.813215441,-22.79046121,-25.33129762,53.73437846,53.73437846,53.73437848,53.73437849,53.73437849,53.73437849,-2.30E-08,-2.30E-08
Drosophila_yakuba,5.638453318,5.638453318,5.638453322,5.638453315,5.638453315,5.638453317,5.638453319,5.638453319,5.638453318,5.638453322,5.638453322,5.638453327,5.638453327,5.63845332,5.638453325,5.638453325,5.638453325,5.63845333,5.638453335,5.638453325,5.638453325,5.638453325,5.638453324,5.638453322,-27.1759981,-27.1759981,-27.17599811,-27.17599811,-27.1759981,-27.1759981,-27.1759981,-27.17599811,-5.156179488,-5.156179488,-5.156179488,-3.47700949,0,-0.813215441,-22.79046121,-25.33129762,53.73437846,53.73437846,53.73437848,53.73437849,53.73437849,53.73437849,-2.30E-08,-2.30E-08
Drosophila_subpulchrella,5.63845332,5.63845332,5.638453324,5.638453316,5.638453316,5.638453319,5.63845332,5.63845332,5.63845332,5.638453324,5.638453324,5.638453328,5.638453328,5.638453321,5.638453326,5.638453326,5.638453326,5.638453331,5.638453336,5.638453326,5.638453326,5.638453326,5.638453326,5.638453324,-27.1759981,-27.1759981,-27.17599811,-27.17599811,-27.1759981,-27.1759981,-27.1759981,-27.17599811,-0.81321544,-0.81321544,-0.81321544,-0.813215441,-0.813215441,0,-22.79046121,-25.33129762,53.73437846,53.73437846,53.73437848,53.73437849,53.73437849,53.73437849,-2.15E-08,-2.15E-08
Drosophila_pseudoobscura,5.638453321,5.638453321,5.638453325,5.638453317,5.638453317,5.63845332,5.638453322,5.638453322,5.638453321,5.638453325,5.638453325,5.63845333,5.63845333,5.638453323,5.638453328,5.638453328,5.638453328,5.638453332,5.638453337,5.638453328,5.638453328,5.638453328,5.638453327,5.638453325,-27.1759981,-27.1759981,-27.17599811,-27.17599811,-27.1759981,-27.1759981,-27.1759981,-27.17599811,-22.79046121,-22.79046121,-22.79046121,-22.79046121,-22.79046121,-22.79046121,0,-25.33129762,53.73437846,53.73437846,53.73437848,53.73437849,53.73437849,53.73437849,-2.00E-08,-2.00E-08
Lucilia_cuprina,5.638453316,5.638453316,5.63845332,5.638453313,5.638453313,5.638453315,5.638453317,5.638453317,5.638453316,5.63845332,5.63845332,5.638453325,5.638453325,5.638453318,5.638453323,5.638453323,5.638453323,5.638453328,5.638453332,5.638453323,5.638453323,5.638453323,5.638453322,5.63845332,-27.17599811,-27.17599811,-27.17599812,-27.17599812,-27.17599811,-27.17599811,-27.17599811,-27.17599812,-25.33129762,-25.33129762,-25.33129762,-25.33129762,-25.33129762,-25.33129762,-25.33129762,0,53.73437846,53.73437846,53.73437848,53.73437849,53.73437849,53.73437849,-2.50E-08,-2.50E-08
Cryptotermes_secundus,53.73437847,53.73437847,53.73437848,53.73437847,53.73437847,53.73437847,53.73437847,53.73437847,53.73437847,53.73437848,53.73437848,53.73437848,53.73437848,53.73437847,53.73437848,53.73437848,53.73437848,53.73437848,53.73437849,53.73437848,53.73437848,53.73437848,53.73437848,53.73437848,53.73437847,53.73437847,53.73437846,53.73437846,53.73437847,53.73437847,53.73437847,53.73437846,53.73437846,53.73437846,53.73437846,53.73437846,53.73437846,53.73437846,53.73437846,53.73437846,0,-22.080914,24.78647158,50.50991454,50.50991454,50.50991454,-1.00E-08,-1.00E-08
Zootermopsis_nevadensis,53.73437847,53.73437847,53.73437848,53.73437847,53.73437847,53.73437847,53.73437847,53.73437847,53.73437847,53.73437848,53.73437848,53.73437848,53.73437848,53.73437847,53.73437848,53.73437848,53.73437848,53.73437848,53.73437849,53.73437848,53.73437848,53.73437848,53.73437848,53.73437848,53.73437847,53.73437847,53.73437846,53.73437846,53.73437847,53.73437847,53.73437847,53.73437846,53.73437846,53.73437846,53.73437846,53.73437846,53.73437846,53.73437846,53.73437846,53.73437846,-22.080914,0,24.78647158,50.50991454,50.50991454,50.50991454,-1.00E-08,-1.00E-08
Blattella_germanica*,53.73437849,53.73437849,53.7343785,53.73437849,53.73437849,53.73437849,53.73437849,53.73437849,53.73437849,53.7343785,53.7343785,53.7343785,53.7343785,53.73437849,53.7343785,53.7343785,53.7343785,53.7343785,53.73437851,53.7343785,53.7343785,53.7343785,53.7343785,53.7343785,53.73437849,53.73437849,53.73437848,53.73437848,53.73437849,53.73437849,53.73437849,53.73437848,53.73437848,53.73437848,53.73437848,53.73437848,53.73437848,53.73437848,53.73437848,53.73437848,24.78647158,24.78647158,0,50.50991456,50.50991456,50.50991456,1.0004E-08,1.0004E-08
Schistocera_nitens,53.7343785,53.7343785,53.73437851,53.7343785,53.7343785,53.7343785,53.7343785,53.7343785,53.7343785,53.73437851,53.73437851,53.73437851,53.73437851,53.7343785,53.73437851,53.73437851,53.73437851,53.73437851,53.73437852,53.73437851,53.73437851,53.73437851,53.73437851,53.73437851,53.7343785,53.7343785,53.73437849,53.73437849,53.7343785,53.7343785,53.7343785,53.73437849,53.73437849,53.73437849,53.73437849,53.73437849,53.73437849,53.73437849,53.73437849,53.73437849,50.50991454,50.50991454,50.50991456,0,-0.46448291,-10.51496713,2.0004E-08,2.0004E-08
Schistocera_serialis,53.7343785,53.7343785,53.73437851,53.7343785,53.7343785,53.7343785,53.7343785,53.7343785,53.7343785,53.73437851,53.73437851,53.73437851,53.73437851,53.7343785,53.73437851,53.73437851,53.73437851,53.73437851,53.73437852,53.73437851,53.73437851,53.73437851,53.73437851,53.73437851,53.7343785,53.7343785,53.73437849,53.73437849,53.7343785,53.7343785,53.7343785,53.73437849,53.73437849,53.73437849,53.73437849,53.73437849,53.73437849,53.73437849,53.73437849,53.73437849,50.50991454,50.50991454,50.50991456,-0.46448291,0,-10.51496713,2.0004E-08,2.0004E-08
Schistocera_gregaria,53.7343785,53.7343785,53.73437851,53.7343785,53.7343785,53.7343785,53.7343785,53.7343785,53.7343785,53.73437851,53.73437851,53.73437851,53.73437851,53.7343785,53.73437851,53.73437851,53.73437851,53.73437851,53.73437852,53.73437851,53.73437851,53.73437851,53.73437851,53.73437851,53.7343785,53.7343785,53.73437849,53.73437849,53.7343785,53.7343785,53.7343785,53.73437849,53.73437849,53.73437849,53.73437849,53.73437849,53.73437849,53.73437849,53.73437849,53.73437849,50.50991454,50.50991454,50.50991456,-10.51496713,-10.51496713,0,2.0004E-08,2.0004E-08
Ischnura_elegans,-9.00E-09,-9.00E-09,-5.00E-09,-1.25E-08,-1.25E-08,-1.00E-08,-8.50E-09,-8.50E-09,-9.00E-09,-4.85E-09,-4.85E-09,-4.96E-10,-4.96E-10,-7.50E-09,-2.50E-09,-2.50E-09,-2.50E-09,2.50395E-09,7.50396E-09,-2.50E-09,-2.00E-09,-2.00E-09,-3.00E-09,-5.00E-09,-1.05E-08,-1.05E-08,-2.00E-08,-2.00E-08,-1.00E-08,-1.00E-08,-1.00E-08,-2.00E-08,-2.20E-08,-2.20E-08,-2.20E-08,-2.30E-08,-2.30E-08,-2.15E-08,-2.00E-08,-2.50E-08,-1.00E-08,-1.00E-08,1.0004E-08,2.0004E-08,2.0004E-08,2.0004E-08,0,0
Pantala_flavescens*,-9.00E-09,-9.00E-09,-5.00E-09,-1.25E-08,-1.25E-08,-1.00E-08,-8.50E-09,-8.50E-09,-9.00E-09,-4.85E-09,-4.85E-09,-4.96E-10,-4.96E-10,-7.50E-09,-2.50E-09,-2.50E-09,-2.50E-09,2.50395E-09,7.50396E-09,-2.50E-09,-2.00E-09,-2.00E-09,-3.00E-09,-5.00E-09,-1.05E-08,-1.05E-08,-2.00E-08,-2.00E-08,-1.00E-08,-1.00E-08,-1.00E-08,-2.00E-08,-2.20E-08,-2.20E-08,-2.20E-08,-2.30E-08,-2.30E-08,-2.15E-08,-2.00E-08,-2.50E-08,-1.00E-08,-1.00E-08,1.0004E-08,2.0004E-08,2.0004E-08,2.0004E-08,0,0
