"","Aphidius_gifuensis","Chelonus_insularis","Microplitis_demolitor","Bombus_vancouverensis_nearcticus","Bombus_vosnesenskii","Megachile_rotundata","Osmia_bicornis","Osmia_lignaria","Polistes_canadensis_canadensis","Polistes_fuscatus","Polistes_dominula","Vespa_crabro","Vespa_velutina","Vespula_pensylvanica","Camponotus_floridanus","Formica_exsecta","Nylanderia_fulva","Monomorium_pharaonis","Pogonomyrmex_barbatus","Ooceraea_biroi","Athalia_rosa","Diprion_similis","Neodiprion_fabricii","Neodiprion_virginiana","Aethina_tumida","Tribolium_madens","Anoplophora_glabripennis","Diabrotica_virgifera_virgifera","Anthonomus_grandis","Dendroctonus_ponderosae","Platypus_cylindrus","Agrilus_planipennis","Drosophila_subpulchrella","Drosophila_erecta","Drosophila_yakuba","Drosophila_mauritiana","Drosophila_simulans","Drosophila_melanogaster","Drosophila_pseudoobscura","Lucilia_cuprina","Blattella_germanica","Cryptotermes_secundus","Zootermopsis_nevadensis","Schistocerca_nitens","Schistocerca_serialis","Schistocerca_gregaria","Ischnura_elegans","Pantala_flavescens"
"Aphidius_gifuensis",0,57.414564295,57.414564295,118.458372145,118.458372145,118.458372149,118.458372149,118.458372149,118.4583721485,118.4583721485,118.458372145,118.45837215,118.45837215,118.45837215,118.458372145,118.4583721425,118.4583721425,118.458372145,118.458372145,118.458372145,150.620434735,150.620434733,150.620434733,150.620434733,176.112189575,176.112189575,176.11218958,176.11218958,176.11218957,176.11218957,176.112189575,176.11218959,221.31386879,221.313868789,221.313868789,221.31386879,221.31386879,221.31386879,221.31386879,221.31386879,247.852286185,247.8522862,247.8522862,247.852286185,247.852286185,247.852286185,400.999999999994,400.999999999994
"Chelonus_insularis",57.414564295,0,42.03811468,118.45837214,118.45837214,118.458372144,118.458372144,118.458372144,118.4583721435,118.4583721435,118.45837214,118.458372145,118.458372145,118.458372145,118.45837214,118.4583721375,118.4583721375,118.45837214,118.45837214,118.45837214,150.62043473,150.620434728,150.620434728,150.620434728,176.11218957,176.11218957,176.112189575,176.112189575,176.112189565,176.112189565,176.11218957,176.112189585,221.313868785,221.313868784,221.313868784,221.313868785,221.313868785,221.313868785,221.313868785,221.313868785,247.85228618,247.852286195,247.852286195,247.85228618,247.85228618,247.85228618,400.999999994994,400.999999994994
"Microplitis_demolitor",57.414564295,42.03811468,0,118.45837214,118.45837214,118.458372144,118.458372144,118.458372144,118.4583721435,118.4583721435,118.45837214,118.458372145,118.458372145,118.458372145,118.45837214,118.4583721375,118.4583721375,118.45837214,118.45837214,118.45837214,150.62043473,150.620434728,150.620434728,150.620434728,176.11218957,176.11218957,176.112189575,176.112189575,176.112189565,176.112189565,176.11218957,176.112189585,221.313868785,221.313868784,221.313868784,221.313868785,221.313868785,221.313868785,221.313868785,221.313868785,247.85228618,247.852286195,247.852286195,247.85228618,247.85228618,247.85228618,400.999999994994,400.999999994994
"Bombus_vancouverensis_nearcticus",118.458372145,118.45837214,118.45837214,0,12.89640636,47.477785694,47.477785694,47.477785694,86.9613318635,86.9613318635,86.96133186,86.961331865,86.961331865,86.961331865,99.79649771,99.7964977075,99.7964977075,99.79649771,99.79649771,99.79649771,150.62043474,150.620434738,150.620434738,150.620434738,176.11218958,176.11218958,176.112189585,176.112189585,176.112189575,176.112189575,176.11218958,176.112189595,221.313868795,221.313868794,221.313868794,221.313868795,221.313868795,221.313868795,221.313868795,221.313868795,247.85228619,247.852286205,247.852286205,247.85228619,247.85228619,247.85228619,401.000000004994,401.000000004994
"Bombus_vosnesenskii",118.458372145,118.45837214,118.45837214,12.89640636,0,47.477785694,47.477785694,47.477785694,86.9613318635,86.9613318635,86.96133186,86.961331865,86.961331865,86.961331865,99.79649771,99.7964977075,99.7964977075,99.79649771,99.79649771,99.79649771,150.62043474,150.620434738,150.620434738,150.620434738,176.11218958,176.11218958,176.112189585,176.112189585,176.112189575,176.112189575,176.11218958,176.112189595,221.313868795,221.313868794,221.313868794,221.313868795,221.313868795,221.313868795,221.313868795,221.313868795,247.85228619,247.852286205,247.852286205,247.85228619,247.85228619,247.85228619,401.000000004994,401.000000004994
"Megachile_rotundata",118.458372149,118.458372144,118.458372144,47.477785694,47.477785694,0,41.15979714,41.15979714,86.9613318675,86.9613318675,86.961331864,86.961331869,86.961331869,86.961331869,99.796497714,99.7964977115,99.7964977115,99.796497714,99.796497714,99.796497714,150.620434744,150.620434742,150.620434742,150.620434742,176.112189584,176.112189584,176.112189589,176.112189589,176.112189579,176.112189579,176.112189584,176.112189599,221.313868799,221.313868798,221.313868798,221.313868799,221.313868799,221.313868799,221.313868799,221.313868799,247.852286194,247.852286209,247.852286209,247.852286194,247.852286194,247.852286194,401.000000008994,401.000000008994
"Osmia_bicornis",118.458372149,118.458372144,118.458372144,47.477785694,47.477785694,41.15979714,0,7.98775865,86.9613318675,86.9613318675,86.961331864,86.961331869,86.961331869,86.961331869,99.796497714,99.7964977115,99.7964977115,99.796497714,99.796497714,99.796497714,150.620434744,150.620434742,150.620434742,150.620434742,176.112189584,176.112189584,176.112189589,176.112189589,176.112189579,176.112189579,176.112189584,176.112189599,221.313868799,221.313868798,221.313868798,221.313868799,221.313868799,221.313868799,221.313868799,221.313868799,247.852286194,247.852286209,247.852286209,247.852286194,247.852286194,247.852286194,401.000000008994,401.000000008994
"Osmia_lignaria",118.458372149,118.458372144,118.458372144,47.477785694,47.477785694,41.15979714,7.98775865,0,86.9613318675,86.9613318675,86.961331864,86.961331869,86.961331869,86.961331869,99.796497714,99.7964977115,99.7964977115,99.796497714,99.796497714,99.796497714,150.620434744,150.620434742,150.620434742,150.620434742,176.112189584,176.112189584,176.112189589,176.112189589,176.112189579,176.112189579,176.112189584,176.112189599,221.313868799,221.313868798,221.313868798,221.313868799,221.313868799,221.313868799,221.313868799,221.313868799,247.852286194,247.852286209,247.852286209,247.852286194,247.852286194,247.852286194,401.000000008994,401.000000008994
"Polistes_canadensis_canadensis",118.4583721485,118.4583721435,118.4583721435,86.9613318635,86.9613318635,86.9613318675,86.9613318675,86.9613318675,0,17.97890069,26.8252155635,43.5911010485,43.5911010485,43.5911010485,99.7964977135,99.796497711,99.796497711,99.7964977135,99.7964977135,99.7964977135,150.6204347435,150.6204347415,150.6204347415,150.6204347415,176.1121895835,176.1121895835,176.1121895885,176.1121895885,176.1121895785,176.1121895785,176.1121895835,176.1121895985,221.3138687985,221.3138687975,221.3138687975,221.3138687985,221.3138687985,221.3138687985,221.3138687985,221.3138687985,247.8522861935,247.8522862085,247.8522862085,247.8522861935,247.8522861935,247.8522861935,401.000000008494,401.000000008494
"Polistes_fuscatus",118.4583721485,118.4583721435,118.4583721435,86.9613318635,86.9613318635,86.9613318675,86.9613318675,86.9613318675,17.97890069,0,26.8252155635,43.5911010485,43.5911010485,43.5911010485,99.7964977135,99.796497711,99.796497711,99.7964977135,99.7964977135,99.7964977135,150.6204347435,150.6204347415,150.6204347415,150.6204347415,176.1121895835,176.1121895835,176.1121895885,176.1121895885,176.1121895785,176.1121895785,176.1121895835,176.1121895985,221.3138687985,221.3138687975,221.3138687975,221.3138687985,221.3138687985,221.3138687985,221.3138687985,221.3138687985,247.8522861935,247.8522862085,247.8522862085,247.8522861935,247.8522861935,247.8522861935,401.000000008494,401.000000008494
"Polistes_dominula",118.458372145,118.45837214,118.45837214,86.96133186,86.96133186,86.961331864,86.961331864,86.961331864,26.8252155635,26.8252155635,0,43.591101045,43.591101045,43.591101045,99.79649771,99.7964977075,99.7964977075,99.79649771,99.79649771,99.79649771,150.62043474,150.620434738,150.620434738,150.620434738,176.11218958,176.11218958,176.112189585,176.112189585,176.112189575,176.112189575,176.11218958,176.112189595,221.313868795,221.313868794,221.313868794,221.313868795,221.313868795,221.313868795,221.313868795,221.313868795,247.85228619,247.852286205,247.852286205,247.85228619,247.85228619,247.85228619,401.000000004994,401.000000004994
"Vespa_crabro",118.45837215,118.458372145,118.458372145,86.961331865,86.961331865,86.961331869,86.961331869,86.961331869,43.5911010485,43.5911010485,43.591101045,0,17.52661202,32.41510096,99.796497715,99.7964977125,99.7964977125,99.796497715,99.796497715,99.796497715,150.620434745,150.620434743,150.620434743,150.620434743,176.112189585,176.112189585,176.11218959,176.11218959,176.11218958,176.11218958,176.112189585,176.1121896,221.3138688,221.313868799,221.313868799,221.3138688,221.3138688,221.3138688,221.3138688,221.3138688,247.852286195,247.85228621,247.85228621,247.852286195,247.852286195,247.852286195,401.000000009994,401.000000009994
"Vespa_velutina",118.45837215,118.458372145,118.458372145,86.961331865,86.961331865,86.961331869,86.961331869,86.961331869,43.5911010485,43.5911010485,43.591101045,17.52661202,0,32.41510096,99.796497715,99.7964977125,99.7964977125,99.796497715,99.796497715,99.796497715,150.620434745,150.620434743,150.620434743,150.620434743,176.112189585,176.112189585,176.11218959,176.11218959,176.11218958,176.11218958,176.112189585,176.1121896,221.3138688,221.313868799,221.313868799,221.3138688,221.3138688,221.3138688,221.3138688,221.3138688,247.852286195,247.85228621,247.85228621,247.852286195,247.852286195,247.852286195,401.000000009994,401.000000009994
"Vespula_pensylvanica",118.45837215,118.458372145,118.458372145,86.961331865,86.961331865,86.961331869,86.961331869,86.961331869,43.5911010485,43.5911010485,43.591101045,32.41510096,32.41510096,0,99.796497715,99.7964977125,99.7964977125,99.796497715,99.796497715,99.796497715,150.620434745,150.620434743,150.620434743,150.620434743,176.112189585,176.112189585,176.11218959,176.11218959,176.11218958,176.11218958,176.112189585,176.1121896,221.3138688,221.313868799,221.313868799,221.3138688,221.3138688,221.3138688,221.3138688,221.3138688,247.852286195,247.85228621,247.85228621,247.852286195,247.852286195,247.852286195,401.000000009994,401.000000009994
"Camponotus_floridanus",118.458372145,118.45837214,118.45837214,99.79649771,99.79649771,99.796497714,99.796497714,99.796497714,99.7964977135,99.7964977135,99.79649771,99.796497715,99.796497715,99.796497715,0,30.0885918775,30.0885918775,39.991407366,39.991407366,49.13607977,150.62043474,150.620434738,150.620434738,150.620434738,176.11218958,176.11218958,176.112189585,176.112189585,176.112189575,176.112189575,176.11218958,176.112189595,221.313868795,221.313868794,221.313868794,221.313868795,221.313868795,221.313868795,221.313868795,221.313868795,247.85228619,247.852286205,247.852286205,247.85228619,247.85228619,247.85228619,401.000000004994,401.000000004994
"Formica_exsecta",118.4583721425,118.4583721375,118.4583721375,99.7964977075,99.7964977075,99.7964977115,99.7964977115,99.7964977115,99.796497711,99.796497711,99.7964977075,99.7964977125,99.7964977125,99.7964977125,30.0885918775,0,24.44476187,39.9914073635,39.9914073635,49.1360797675,150.6204347375,150.6204347355,150.6204347355,150.6204347355,176.1121895775,176.1121895775,176.1121895825,176.1121895825,176.1121895725,176.1121895725,176.1121895775,176.1121895925,221.3138687925,221.3138687915,221.3138687915,221.3138687925,221.3138687925,221.3138687925,221.3138687925,221.3138687925,247.8522861875,247.8522862025,247.8522862025,247.8522861875,247.8522861875,247.8522861875,401.000000002494,401.000000002494
"Nylanderia_fulva",118.4583721425,118.4583721375,118.4583721375,99.7964977075,99.7964977075,99.7964977115,99.7964977115,99.7964977115,99.796497711,99.796497711,99.7964977075,99.7964977125,99.7964977125,99.7964977125,30.0885918775,24.44476187,0,39.9914073635,39.9914073635,49.1360797675,150.6204347375,150.6204347355,150.6204347355,150.6204347355,176.1121895775,176.1121895775,176.1121895825,176.1121895825,176.1121895725,176.1121895725,176.1121895775,176.1121895925,221.3138687925,221.3138687915,221.3138687915,221.3138687925,221.3138687925,221.3138687925,221.3138687925,221.3138687925,247.8522861875,247.8522862025,247.8522862025,247.8522861875,247.8522861875,247.8522861875,401.000000002494,401.000000002494
"Monomorium_pharaonis",118.458372145,118.45837214,118.45837214,99.79649771,99.79649771,99.796497714,99.796497714,99.796497714,99.7964977135,99.7964977135,99.79649771,99.796497715,99.796497715,99.796497715,39.991407366,39.9914073635,39.9914073635,0,31.88575745,49.13607977,150.62043474,150.620434738,150.620434738,150.620434738,176.11218958,176.11218958,176.112189585,176.112189585,176.112189575,176.112189575,176.11218958,176.112189595,221.313868795,221.313868794,221.313868794,221.313868795,221.313868795,221.313868795,221.313868795,221.313868795,247.85228619,247.852286205,247.852286205,247.85228619,247.85228619,247.85228619,401.000000004994,401.000000004994
"Pogonomyrmex_barbatus",118.458372145,118.45837214,118.45837214,99.79649771,99.79649771,99.796497714,99.796497714,99.796497714,99.7964977135,99.7964977135,99.79649771,99.796497715,99.796497715,99.796497715,39.991407366,39.9914073635,39.9914073635,31.88575745,0,49.13607977,150.62043474,150.620434738,150.620434738,150.620434738,176.11218958,176.11218958,176.112189585,176.112189585,176.112189575,176.112189575,176.11218958,176.112189595,221.313868795,221.313868794,221.313868794,221.313868795,221.313868795,221.313868795,221.313868795,221.313868795,247.85228619,247.852286205,247.852286205,247.85228619,247.85228619,247.85228619,401.000000004994,401.000000004994
"Ooceraea_biroi",118.458372145,118.45837214,118.45837214,99.79649771,99.79649771,99.796497714,99.796497714,99.796497714,99.7964977135,99.7964977135,99.79649771,99.796497715,99.796497715,99.796497715,49.13607977,49.1360797675,49.1360797675,49.13607977,49.13607977,0,150.62043474,150.620434738,150.620434738,150.620434738,176.11218958,176.11218958,176.112189585,176.112189585,176.112189575,176.112189575,176.11218958,176.112189595,221.313868795,221.313868794,221.313868794,221.313868795,221.313868795,221.313868795,221.313868795,221.313868795,247.85228619,247.852286205,247.852286205,247.85228619,247.85228619,247.85228619,401.000000004994,401.000000004994
"Athalia_rosa",150.620434735,150.62043473,150.62043473,150.62043474,150.62043474,150.620434744,150.620434744,150.620434744,150.6204347435,150.6204347435,150.62043474,150.620434745,150.620434745,150.620434745,150.62043474,150.6204347375,150.6204347375,150.62043474,150.62043474,150.62043474,0,78.788939308,78.788939308,78.788939308,176.11218958,176.11218958,176.112189585,176.112189585,176.112189575,176.112189575,176.11218958,176.112189595,221.313868795,221.313868794,221.313868794,221.313868795,221.313868795,221.313868795,221.313868795,221.313868795,247.85228619,247.852286205,247.852286205,247.85228619,247.85228619,247.85228619,401.000000004994,401.000000004994
"Diprion_similis",150.620434733,150.620434728,150.620434728,150.620434738,150.620434738,150.620434742,150.620434742,150.620434742,150.6204347415,150.6204347415,150.620434738,150.620434743,150.620434743,150.620434743,150.620434738,150.6204347355,150.6204347355,150.620434738,150.620434738,150.620434738,78.788939308,0,5.552042656,5.552042656,176.112189578,176.112189578,176.112189583,176.112189583,176.112189573,176.112189573,176.112189578,176.112189593,221.313868793,221.313868792,221.313868792,221.313868793,221.313868793,221.313868793,221.313868793,221.313868793,247.852286188,247.852286203,247.852286203,247.852286188,247.852286188,247.852286188,401.000000002994,401.000000002994
"Neodiprion_fabricii",150.620434733,150.620434728,150.620434728,150.620434738,150.620434738,150.620434742,150.620434742,150.620434742,150.6204347415,150.6204347415,150.620434738,150.620434743,150.620434743,150.620434743,150.620434738,150.6204347355,150.6204347355,150.620434738,150.620434738,150.620434738,78.788939308,5.552042656,0,3.429354188,176.112189578,176.112189578,176.112189583,176.112189583,176.112189573,176.112189573,176.112189578,176.112189593,221.313868793,221.313868792,221.313868792,221.313868793,221.313868793,221.313868793,221.313868793,221.313868793,247.852286188,247.852286203,247.852286203,247.852286188,247.852286188,247.852286188,401.000000002994,401.000000002994
"Neodiprion_virginiana",150.620434733,150.620434728,150.620434728,150.620434738,150.620434738,150.620434742,150.620434742,150.620434742,150.6204347415,150.6204347415,150.620434738,150.620434743,150.620434743,150.620434743,150.620434738,150.6204347355,150.6204347355,150.620434738,150.620434738,150.620434738,78.788939308,5.552042656,3.429354188,0,176.112189578,176.112189578,176.112189583,176.112189583,176.112189573,176.112189573,176.112189578,176.112189593,221.313868793,221.313868792,221.313868792,221.313868793,221.313868793,221.313868793,221.313868793,221.313868793,247.852286188,247.852286203,247.852286203,247.852286188,247.852286188,247.852286188,401.000000002994,401.000000002994
"Aethina_tumida",176.112189575,176.11218957,176.11218957,176.11218958,176.11218958,176.112189584,176.112189584,176.112189584,176.1121895835,176.1121895835,176.11218958,176.112189585,176.112189585,176.112189585,176.11218958,176.1121895775,176.1121895775,176.11218958,176.11218958,176.11218958,176.11218958,176.112189578,176.112189578,176.112189578,0,75.25681864,94.112342555,94.112342555,118.912738905,118.912738905,118.91273891,139.839507285,221.313868795,221.313868794,221.313868794,221.313868795,221.313868795,221.313868795,221.313868795,221.313868795,247.85228619,247.852286205,247.852286205,247.85228619,247.85228619,247.85228619,401.000000004994,401.000000004994
"Tribolium_madens",176.112189575,176.11218957,176.11218957,176.11218958,176.11218958,176.112189584,176.112189584,176.112189584,176.1121895835,176.1121895835,176.11218958,176.112189585,176.112189585,176.112189585,176.11218958,176.1121895775,176.1121895775,176.11218958,176.11218958,176.11218958,176.11218958,176.112189578,176.112189578,176.112189578,75.25681864,0,94.112342555,94.112342555,118.912738905,118.912738905,118.91273891,139.839507285,221.313868795,221.313868794,221.313868794,221.313868795,221.313868795,221.313868795,221.313868795,221.313868795,247.85228619,247.852286205,247.852286205,247.85228619,247.85228619,247.85228619,401.000000004994,401.000000004994
"Anoplophora_glabripennis",176.11218958,176.112189575,176.112189575,176.112189585,176.112189585,176.112189589,176.112189589,176.112189589,176.1121895885,176.1121895885,176.112189585,176.11218959,176.11218959,176.11218959,176.112189585,176.1121895825,176.1121895825,176.112189585,176.112189585,176.112189585,176.112189585,176.112189583,176.112189583,176.112189583,94.112342555,94.112342555,0,79.60532597,118.91273891,118.91273891,118.912738915,139.83950729,221.3138688,221.313868799,221.313868799,221.3138688,221.3138688,221.3138688,221.3138688,221.3138688,247.852286195,247.85228621,247.85228621,247.852286195,247.852286195,247.852286195,401.000000009994,401.000000009994
"Diabrotica_virgifera_virgifera",176.11218958,176.112189575,176.112189575,176.112189585,176.112189585,176.112189589,176.112189589,176.112189589,176.1121895885,176.1121895885,176.112189585,176.11218959,176.11218959,176.11218959,176.112189585,176.1121895825,176.1121895825,176.112189585,176.112189585,176.112189585,176.112189585,176.112189583,176.112189583,176.112189583,94.112342555,94.112342555,79.60532597,0,118.91273891,118.91273891,118.912738915,139.83950729,221.3138688,221.313868799,221.313868799,221.3138688,221.3138688,221.3138688,221.3138688,221.3138688,247.852286195,247.85228621,247.85228621,247.852286195,247.852286195,247.852286195,401.000000009994,401.000000009994
"Anthonomus_grandis",176.11218957,176.112189565,176.112189565,176.112189575,176.112189575,176.112189579,176.112189579,176.112189579,176.1121895785,176.1121895785,176.112189575,176.11218958,176.11218958,176.11218958,176.112189575,176.1121895725,176.1121895725,176.112189575,176.112189575,176.112189575,176.112189575,176.112189573,176.112189573,176.112189573,118.912738905,118.912738905,118.91273891,118.91273891,0,77.3986594,99.894628335,139.83950728,221.31386879,221.313868789,221.313868789,221.31386879,221.31386879,221.31386879,221.31386879,221.31386879,247.852286185,247.8522862,247.8522862,247.852286185,247.852286185,247.852286185,400.999999999994,400.999999999994
"Dendroctonus_ponderosae",176.11218957,176.112189565,176.112189565,176.112189575,176.112189575,176.112189579,176.112189579,176.112189579,176.1121895785,176.1121895785,176.112189575,176.11218958,176.11218958,176.11218958,176.112189575,176.1121895725,176.1121895725,176.112189575,176.112189575,176.112189575,176.112189575,176.112189573,176.112189573,176.112189573,118.912738905,118.912738905,118.91273891,118.91273891,77.3986594,0,99.894628335,139.83950728,221.31386879,221.313868789,221.313868789,221.31386879,221.31386879,221.31386879,221.31386879,221.31386879,247.852286185,247.8522862,247.8522862,247.852286185,247.852286185,247.852286185,400.999999999994,400.999999999994
"Platypus_cylindrus",176.112189575,176.11218957,176.11218957,176.11218958,176.11218958,176.112189584,176.112189584,176.112189584,176.1121895835,176.1121895835,176.11218958,176.112189585,176.112189585,176.112189585,176.11218958,176.1121895775,176.1121895775,176.11218958,176.11218958,176.11218958,176.11218958,176.112189578,176.112189578,176.112189578,118.91273891,118.91273891,118.912738915,118.912738915,99.894628335,99.894628335,0,139.839507285,221.313868795,221.313868794,221.313868794,221.313868795,221.313868795,221.313868795,221.313868795,221.313868795,247.85228619,247.852286205,247.852286205,247.85228619,247.85228619,247.85228619,401.000000004994,401.000000004994
"Agrilus_planipennis",176.11218959,176.112189585,176.112189585,176.112189595,176.112189595,176.112189599,176.112189599,176.112189599,176.1121895985,176.1121895985,176.112189595,176.1121896,176.1121896,176.1121896,176.112189595,176.1121895925,176.1121895925,176.112189595,176.112189595,176.112189595,176.112189595,176.112189593,176.112189593,176.112189593,139.839507285,139.839507285,139.83950729,139.83950729,139.83950728,139.83950728,139.839507285,0,221.31386881,221.313868809,221.313868809,221.31386881,221.31386881,221.31386881,221.31386881,221.31386881,247.852286205,247.85228622,247.85228622,247.852286205,247.852286205,247.852286205,401.000000019994,401.000000019994
"Drosophila_subpulchrella",221.31386879,221.313868785,221.313868785,221.313868795,221.313868795,221.313868799,221.313868799,221.313868799,221.3138687985,221.3138687985,221.313868795,221.3138688,221.3138688,221.3138688,221.313868795,221.3138687925,221.3138687925,221.313868795,221.313868795,221.313868795,221.313868795,221.313868793,221.313868793,221.313868793,221.313868795,221.313868795,221.3138688,221.3138688,221.31386879,221.31386879,221.313868795,221.31386881,0,25.547747749,25.547747749,25.54774775,25.54774775,25.54774775,55.09726389,87.88571449,247.852286185,247.8522862,247.8522862,247.852286185,247.852286185,247.852286185,400.999999999994,400.999999999994
"Drosophila_erecta",221.313868789,221.313868784,221.313868784,221.313868794,221.313868794,221.313868798,221.313868798,221.313868798,221.3138687975,221.3138687975,221.313868794,221.313868799,221.313868799,221.313868799,221.313868794,221.3138687915,221.3138687915,221.313868794,221.313868794,221.313868794,221.313868794,221.313868792,221.313868792,221.313868792,221.313868794,221.313868794,221.313868799,221.313868799,221.313868789,221.313868789,221.313868794,221.313868809,25.547747749,0,16.21287251,20.641499415,20.641499415,20.641499415,55.097263889,87.885714489,247.852286184,247.852286199,247.852286199,247.852286184,247.852286184,247.852286184,400.999999998994,400.999999998994
"Drosophila_yakuba",221.313868789,221.313868784,221.313868784,221.313868794,221.313868794,221.313868798,221.313868798,221.313868798,221.3138687975,221.3138687975,221.313868794,221.313868799,221.313868799,221.313868799,221.313868794,221.3138687915,221.3138687915,221.313868794,221.313868794,221.313868794,221.313868794,221.313868792,221.313868792,221.313868792,221.313868794,221.313868794,221.313868799,221.313868799,221.313868789,221.313868789,221.313868794,221.313868809,25.547747749,16.21287251,0,20.641499415,20.641499415,20.641499415,55.097263889,87.885714489,247.852286184,247.852286199,247.852286199,247.852286184,247.852286184,247.852286184,400.999999998994,400.999999998994
"Drosophila_mauritiana",221.31386879,221.313868785,221.313868785,221.313868795,221.313868795,221.313868799,221.313868799,221.313868799,221.3138687985,221.3138687985,221.313868795,221.3138688,221.3138688,221.3138688,221.313868795,221.3138687925,221.3138687925,221.313868795,221.313868795,221.313868795,221.313868795,221.313868793,221.313868793,221.313868793,221.313868795,221.313868795,221.3138688,221.3138688,221.31386879,221.31386879,221.313868795,221.31386881,25.54774775,20.641499415,20.641499415,0,6.516867439,9.864559486,55.09726389,87.88571449,247.852286185,247.8522862,247.8522862,247.852286185,247.852286185,247.852286185,400.999999999994,400.999999999994
"Drosophila_simulans",221.31386879,221.313868785,221.313868785,221.313868795,221.313868795,221.313868799,221.313868799,221.313868799,221.3138687985,221.3138687985,221.313868795,221.3138688,221.3138688,221.3138688,221.313868795,221.3138687925,221.3138687925,221.313868795,221.313868795,221.313868795,221.313868795,221.313868793,221.313868793,221.313868793,221.313868795,221.313868795,221.3138688,221.3138688,221.31386879,221.31386879,221.313868795,221.31386881,25.54774775,20.641499415,20.641499415,6.516867439,0,9.864559486,55.09726389,87.88571449,247.852286185,247.8522862,247.8522862,247.852286185,247.852286185,247.852286185,400.999999999994,400.999999999994
"Drosophila_melanogaster",221.31386879,221.313868785,221.313868785,221.313868795,221.313868795,221.313868799,221.313868799,221.313868799,221.3138687985,221.3138687985,221.313868795,221.3138688,221.3138688,221.3138688,221.313868795,221.3138687925,221.3138687925,221.313868795,221.313868795,221.313868795,221.313868795,221.313868793,221.313868793,221.313868793,221.313868795,221.313868795,221.3138688,221.3138688,221.31386879,221.31386879,221.313868795,221.31386881,25.54774775,20.641499415,20.641499415,9.864559486,9.864559486,0,55.09726389,87.88571449,247.852286185,247.8522862,247.8522862,247.852286185,247.852286185,247.852286185,400.999999999994,400.999999999994
"Drosophila_pseudoobscura",221.31386879,221.313868785,221.313868785,221.313868795,221.313868795,221.313868799,221.313868799,221.313868799,221.3138687985,221.3138687985,221.313868795,221.3138688,221.3138688,221.3138688,221.313868795,221.3138687925,221.3138687925,221.313868795,221.313868795,221.313868795,221.313868795,221.313868793,221.313868793,221.313868793,221.313868795,221.313868795,221.3138688,221.3138688,221.31386879,221.31386879,221.313868795,221.31386881,55.09726389,55.097263889,55.097263889,55.09726389,55.09726389,55.09726389,0,87.88571449,247.852286185,247.8522862,247.8522862,247.852286185,247.852286185,247.852286185,400.999999999994,400.999999999994
"Lucilia_cuprina",221.31386879,221.313868785,221.313868785,221.313868795,221.313868795,221.313868799,221.313868799,221.313868799,221.3138687985,221.3138687985,221.313868795,221.3138688,221.3138688,221.3138688,221.313868795,221.3138687925,221.3138687925,221.313868795,221.313868795,221.313868795,221.313868795,221.313868793,221.313868793,221.313868793,221.313868795,221.313868795,221.3138688,221.3138688,221.31386879,221.31386879,221.313868795,221.31386881,87.88571449,87.885714489,87.885714489,87.88571449,87.88571449,87.88571449,87.88571449,0,247.852286185,247.8522862,247.8522862,247.852286185,247.852286185,247.852286185,400.999999999994,400.999999999994
"Blattella_germanica",247.852286185,247.85228618,247.85228618,247.85228619,247.85228619,247.852286194,247.852286194,247.852286194,247.8522861935,247.8522861935,247.85228619,247.852286195,247.852286195,247.852286195,247.85228619,247.8522861875,247.8522861875,247.85228619,247.85228619,247.85228619,247.85228619,247.852286188,247.852286188,247.852286188,247.85228619,247.85228619,247.852286195,247.852286195,247.852286185,247.852286185,247.85228619,247.852286205,247.852286185,247.852286184,247.852286184,247.852286185,247.852286185,247.852286185,247.852286185,247.852286185,0,134.010874715,134.010874715,208.70415765,208.70415765,208.70415765,400.999999984994,400.999999984994
"Cryptotermes_secundus",247.8522862,247.852286195,247.852286195,247.852286205,247.852286205,247.852286209,247.852286209,247.852286209,247.8522862085,247.8522862085,247.852286205,247.85228621,247.85228621,247.85228621,247.852286205,247.8522862025,247.8522862025,247.852286205,247.852286205,247.852286205,247.852286205,247.852286203,247.852286203,247.852286203,247.852286205,247.852286205,247.85228621,247.85228621,247.8522862,247.8522862,247.852286205,247.85228622,247.8522862,247.852286199,247.852286199,247.8522862,247.8522862,247.8522862,247.8522862,247.8522862,134.010874715,0,74.36396539,208.704157665,208.704157665,208.704157665,400.999999999994,400.999999999994
"Zootermopsis_nevadensis",247.8522862,247.852286195,247.852286195,247.852286205,247.852286205,247.852286209,247.852286209,247.852286209,247.8522862085,247.8522862085,247.852286205,247.85228621,247.85228621,247.85228621,247.852286205,247.8522862025,247.8522862025,247.852286205,247.852286205,247.852286205,247.852286205,247.852286203,247.852286203,247.852286203,247.852286205,247.852286205,247.85228621,247.85228621,247.8522862,247.8522862,247.852286205,247.85228622,247.8522862,247.852286199,247.852286199,247.8522862,247.8522862,247.8522862,247.8522862,247.8522862,134.010874715,74.36396539,0,208.704157665,208.704157665,208.704157665,400.999999999994,400.999999999994
"Schistocerca_nitens",247.852286185,247.85228618,247.85228618,247.85228619,247.85228619,247.852286194,247.852286194,247.852286194,247.8522861935,247.8522861935,247.85228619,247.852286195,247.852286195,247.852286195,247.85228619,247.8522861875,247.8522861875,247.85228619,247.85228619,247.85228619,247.85228619,247.852286188,247.852286188,247.852286188,247.85228619,247.85228619,247.852286195,247.852286195,247.852286185,247.852286185,247.85228619,247.852286205,247.852286185,247.852286184,247.852286184,247.852286185,247.852286185,247.852286185,247.852286185,247.852286185,208.70415765,208.704157665,208.704157665,0,13.64624834,33.78936695,400.999999984994,400.999999984994
"Schistocerca_serialis",247.852286185,247.85228618,247.85228618,247.85228619,247.85228619,247.852286194,247.852286194,247.852286194,247.8522861935,247.8522861935,247.85228619,247.852286195,247.852286195,247.852286195,247.85228619,247.8522861875,247.8522861875,247.85228619,247.85228619,247.85228619,247.85228619,247.852286188,247.852286188,247.852286188,247.85228619,247.85228619,247.852286195,247.852286195,247.852286185,247.852286185,247.85228619,247.852286205,247.852286185,247.852286184,247.852286184,247.852286185,247.852286185,247.852286185,247.852286185,247.852286185,208.70415765,208.704157665,208.704157665,13.64624834,0,33.78936695,400.999999984994,400.999999984994
"Schistocerca_gregaria",247.852286185,247.85228618,247.85228618,247.85228619,247.85228619,247.852286194,247.852286194,247.852286194,247.8522861935,247.8522861935,247.85228619,247.852286195,247.852286195,247.852286195,247.85228619,247.8522861875,247.8522861875,247.85228619,247.85228619,247.85228619,247.85228619,247.852286188,247.852286188,247.852286188,247.85228619,247.85228619,247.852286195,247.852286195,247.852286185,247.852286185,247.85228619,247.852286205,247.852286185,247.852286184,247.852286184,247.852286185,247.852286185,247.852286185,247.852286185,247.852286185,208.70415765,208.704157665,208.704157665,33.78936695,33.78936695,0,400.999999984994,400.999999984994
"Ischnura_elegans",400.999999999994,400.999999994994,400.999999994994,401.000000004994,401.000000004994,401.000000008994,401.000000008994,401.000000008994,401.000000008494,401.000000008494,401.000000004994,401.000000009994,401.000000009994,401.000000009994,401.000000004994,401.000000002494,401.000000002494,401.000000004994,401.000000004994,401.000000004994,401.000000004994,401.000000002994,401.000000002994,401.000000002994,401.000000004994,401.000000004994,401.000000009994,401.000000009994,400.999999999994,400.999999999994,401.000000004994,401.000000019994,400.999999999994,400.999999998994,400.999999998994,400.999999999994,400.999999999994,400.999999999994,400.999999999994,400.999999999994,400.999999984994,400.999999999994,400.999999999994,400.999999984994,400.999999984994,400.999999984994,0,401
"Pantala_flavescens",400.999999999994,400.999999994994,400.999999994994,401.000000004994,401.000000004994,401.000000008994,401.000000008994,401.000000008994,401.000000008494,401.000000008494,401.000000004994,401.000000009994,401.000000009994,401.000000009994,401.000000004994,401.000000002494,401.000000002494,401.000000004994,401.000000004994,401.000000004994,401.000000004994,401.000000002994,401.000000002994,401.000000002994,401.000000004994,401.000000004994,401.000000009994,401.000000009994,400.999999999994,400.999999999994,401.000000004994,401.000000019994,400.999999999994,400.999999998994,400.999999998994,400.999999999994,400.999999999994,400.999999999994,400.999999999994,400.999999999994,400.999999984994,400.999999999994,400.999999999994,400.999999984994,400.999999984994,400.999999984994,401,0
